{"cameraMode":{"drawMode":0,"name":"Shaded","section":"Shading Mode"},"sceneLighting":true,"audioPlay":false,"sceneViewState":{"m_AlwaysRefresh":false,"showFog":true,"showSkybox":true,"showFlares":true,"showImageEffects":true,"showParticleSystems":true,"showVisualEffectGraphs":true,"m_FxEnabled":true},"in2DMode":false,"pivot":{"x":6.458823204040527,"y":19.425884246826173,"z":-6.921924114227295},"rotation":{"x":0.34125417470932009,"y":-0.14718669652938844,"z":0.05420785769820213,"w":0.9267808794975281},"size":0.2036728411912918,"orthographic":false}